/*CREACION DE TABLA DE EJERCICIOS*/

CREATE SEQUENCE EJID
MINVALUE 1
START WITH 1
INCREMENT BY 1;

CREATE SEQUENCE RUT
MINVALUE 1
START WITH 1
INCREMENT BY 1;


CREATE TABLE EJERCICIOS(
COD_EJERCICIO INT PRIMARY KEY,
TIEMPO VARCHAR(100),
NOMBRE VARCHAR(100),
PESO VARCHAR(100),
REPETICIONES INT,
DESC_GRAFICA VARCHAR(100),
PUNTOS INT
);

/*CREACION DE TABLA DE CLIENTE*/
 CREATE TABLE CLIENTE
 (
DNI VARCHAR(100) PRIMARY KEY,
	NOMBRE VARCHAR(100),
	APELLIDO1 VARCHAR(100),
	APELLIDO2 VARCHAR(100),
	DIRECCION VARCHAR(100),
	TELEFONO INT,
	CUENTA_CORRIENTE INT
);
/*CREACION TABLA ENTRENADOR*/
 CREATE TABLE ENTRENADOR
(
	DNI VARCHAR(100) PRIMARY KEY,
	NOMBRE VARCHAR(100),
	APELLIDO1 VARCHAR(100),
	APELLIDO2 VARCHAR(100),
	DIRECCION VARCHAR(100),
	TELEFONO INT,
	CUENTA_CORRIENTE INT
);
CREATE TABLE LOGIN(
DNI VARCHAR (100)PRIMARY KEY ,
PALABRA_PASS VARCHAR (100),
ROL VARCHAR(100)

);
/*CREACION TABlA RUTINAS*/
CREATE TABLE RUTINAS
(
ID_RUTINA  INT PRIMARY KEY,
EJ1 INT,
EJ2 INT,
EJ3 INT,
EJ4 INT,
EJ5 INT,
EJ6 INT,
EJ7 INT,
EJ8 INT,
CLIENTE_ID VARCHAR(100),
ENTRENADOR VARCHAR (100),
DIAS VARCHAR(100)
);

/*FOREIGN KEY DE TABLA RUTINAS*/
ALTER TABLE RUTINAS ADD CONSTRAINT FK_RUTINAS FOREIGN KEY (EJ1)REFERENCES EJERCICIOS(COD_EJERCICIO);
ALTER TABLE RUTINAS ADD CONSTRAINT FK_RUTINAS1 FOREIGN KEY (EJ2)REFERENCES EJERCICIOS(COD_EJERCICIO);
ALTER TABLE RUTINAS ADD CONSTRAINT FK_RUTINAS2 FOREIGN KEY (EJ3)REFERENCES EJERCICIOS(COD_EJERCICIO);
ALTER TABLE RUTINAS ADD CONSTRAINT FK_RUTINAS3 FOREIGN KEY (EJ4)REFERENCES EJERCICIOS(COD_EJERCICIO);
ALTER TABLE RUTINAS ADD CONSTRAINT FK_RUTINAS4 FOREIGN KEY (EJ5)REFERENCES EJERCICIOS(COD_EJERCICIO);
ALTER TABLE RUTINAS ADD CONSTRAINT FK_RUTINAS5 FOREIGN KEY (EJ6)REFERENCES EJERCICIOS(COD_EJERCICIO);
ALTER TABLE RUTINAS ADD CONSTRAINT FK_RUTINAS6 FOREIGN KEY (EJ7)REFERENCES EJERCICIOS(COD_EJERCICIO);
ALTER TABLE RUTINAS ADD CONSTRAINT FK_RUTINAS7 FOREIGN KEY (EJ8)REFERENCES EJERCICIOS(COD_EJERCICIO);
ALTER TABLE RUTINAS ADD CONSTRAINT FK_RUTINAS_ID_CLIENTE FOREIGN KEY (CLIENTE_ID)REFERENCES CLIENTE(DNI);
ALTER TABLE RUTINAS ADD CONSTRAINT FK_RUTINAS_ID_ENTRENADOR FOREIGN KEY (ENTRENADOR)REFERENCES ENTRENADOR(DNI);
/*INSERCCION DE TUPLAS DE LA TABLA CLIETE*/
INSERT INTO CLIENTE VALUES('12345678','CLIENTE1','APELLIDO1','APELLIDO1','CALLE CLIENTE1',654987321,546879213);
INSERT INTO CLIENTE VALUES('12345677','CLIENTE2','APELLIDO2','APELLIDO2','CALLE CLIENTE2',654987322,546879214);
INSERT INTO CLIENTE VALUES('12345688','CLIENTE3','APELLIDO3','APELLIDO3','CALLE CLIENTE3',654987323,546879215);
INSERT INTO CLIENTE VALUES('12345699','CLIENTE4','APELLIDO4','APELLIDO4','CALLE CLIENTE4',654987324,546879216);
INSERT INTO CLIENTE VALUES('12345610','CLIENTE5','APELLIDO5','APELLIDO5','CALLE CLIENTE5',654987325,546879217);
/*INSERCION ENTRENADOR*/
INSERT INTO ENTRENADOR VALUES ('12345','ENTRENADOR1','APELLIDO1','APELLIDO2','CALLE DE LAS ROSAS Nº1',98745678,11231321321);
INSERT INTO ENTRENADOR VALUES ('7898654','ENTRENADOR2','APELLIDO3','APELLIDO4','CALLE DE LOS VIENTOS S/N',99875456,87984421521);
INSERT INTO ENTRENADOR VALUES ('1758954','ENTRENADOR3','APELLIDO5','APELLIDO6','CALLE DE LUCIA Nº15',99745264,8789491981);
INSERT INTO ENTRENADOR VALUES ('1258964','ENTRENADOR4','APELLIDO6','APELLIDO8','AVENIDA DE RUSIA Nº59',9987654,78951525785);
INSERT INTO ENTRENADOR VALUES ('987654','ENTRENADOR5','APELLIDO7','APELLIDO9','CALLE DE LOS SUEÑOS Nº10',97984544,64984981981);
/*CORRECCIÓN DE TABLA EJERCICIOS*/
/*INSERCION DE VALORES EN TABLA EJERCICIOS*/
INSERT INTO EJERCICIOS(COD_EJERCICIO,TIEMPO,NOMBRE,PESO,REPETICIONES,DESC_GRAFICA,PUNTOS)VALUES(EJID.NEXTVAL,'10M','ABDOMINALES',NULL,10,NULL,1);
INSERT INTO EJERCICIOS(COD_EJERCICIO,TIEMPO,NOMBRE,PESO,REPETICIONES,DESC_GRAFICA,PUNTOS)VALUES(EJID.NEXTVAL,'20M','SENTADILLAS',NULL,15,NULL,1);
INSERT INTO EJERCICIOS(COD_EJERCICIO,TIEMPO,NOMBRE,PESO,REPETICIONES,DESC_GRAFICA,PUNTOS)VALUES(EJID.NEXTVAL,'30M','FLEXIONES',NULL,20,NULL,1);
INSERT INTO EJERCICIOS(COD_EJERCICIO,TIEMPO,NOMBRE,PESO,REPETICIONES,DESC_GRAFICA,PUNTOS)VALUES(EJID.NEXTVAL,'40M','ANTEBRAZOS',20,30,NULL,1);
INSERT INTO EJERCICIOS(COD_EJERCICIO,TIEMPO,NOMBRE,PESO,REPETICIONES,DESC_GRAFICA,PUNTOS)VALUES(EJID.NEXTVAL,'50M','CARDIO',NULL,2,NULL,1);
INSERT INTO EJERCICIOS(COD_EJERCICIO,TIEMPO,NOMBRE,PESO,REPETICIONES,DESC_GRAFICA,PUNTOS)VALUES(EJID.NEXTVAL,'30M','FLEXIONES',NULL,20,NULL,1);
INSERT INTO EJERCICIOS(COD_EJERCICIO,TIEMPO,NOMBRE,PESO,REPETICIONES,DESC_GRAFICA,PUNTOS)VALUES(EJID.NEXTVAL,'40M','ANTEBRAZOS',20,30,NULL,1);
INSERT INTO EJERCICIOS(COD_EJERCICIO,TIEMPO,NOMBRE,PESO,REPETICIONES,DESC_GRAFICA,PUNTOS)VALUES(EJID.NEXTVAL,'50M','CARDIO',NULL,2,NULL,1);

/*INSERCION DE VALORES EN TABLA RUTINAS*/
INSERT INTO RUTINAS(ID_RUTINA,EJ1,EJ2,EJ3,EJ4,EJ5,EJ6,EJ7,EJ8,CLIENTE_ID,ENTRENADOR,DIAS)VALUES(RUT.NEXTVAL,01,02,03,04,05,06,07,08,'12345678','12345','LUNES');
INSERT INTO RUTINAS(ID_RUTINA,EJ1,EJ2,EJ3,EJ4,EJ5,EJ6,EJ7,EJ8,CLIENTE_ID,ENTRENADOR,DIAS)VALUES(RUT.NEXTVAL,02,03,04,05,06,07,08,01,'12345677','7898654','MARTES');
INSERT INTO RUTINAS(ID_RUTINA,EJ1,EJ2,EJ3,EJ4,EJ5,EJ6,EJ7,EJ8,CLIENTE_ID,ENTRENADOR,DIAS)VALUES(RUT.NEXTVAL,03,04,05,06,07,08,01,02,'12345688','1758954','MIERCOLES');
INSERT INTO RUTINAS(ID_RUTINA,EJ1,EJ2,EJ3,EJ4,EJ5,EJ6,EJ7,EJ8,CLIENTE_ID,ENTRENADOR,DIAS)VALUES(RUT.NEXTVAL,04,05,06,07,08,01,02,03,'12345699','1258964','JUEVES');
INSERT INTO RUTINAS(ID_RUTINA,EJ1,EJ2,EJ3,EJ4,EJ5,EJ6,EJ7,EJ8,CLIENTE_ID,ENTRENADOR,DIAS)VALUES(RUT.NEXTVAL,05,06,07,08,04,01,02,03,'12345610','987654','VIERNES');
/*INSERCIÓN DE VALORES EN TABLA LOGIN*/
INSERT INTO LOGIN(USUARIO,CONTRASEÑA)VALUES('12345678','P2');
INSERT INTO LOGIN(USUARIO,CONTRASEÑA)VALUES('7898654','H8');
